url_path,views_total,views_unique
/pthom/hello_imgui,357,202
/pthom/hello_imgui/actions,40,1
/pthom/hello_imgui/tree/master/src,39,23
/pthom/hello_imgui/tree/master/src/hello_imgui,27,20
/pthom/hello_imgui/tree/master/src/hello_imgui_demos,18,11
/pthom/hello_imgui/tree/master/external,16,10
/pthom/hello_imgui/tree/master/src/hello_imgui_demos/hello_world,13,8
/pthom/hello_imgui/tree/master/hello_imgui_cmake,11,8
/pthom/hello_imgui/commits/master,11,2
/pthom/hello_imgui/blob/master/src/hello_imgui/hello_imgui.cpp,9,8
